{
  "version": 2,
  "builds": [
    {
      "src": "**/*.html",
      "use": "@vercel/static"
    }
  ],
  "routes": [
    {
      "src": "/",
      "dest": "/index.html"
    },
    {
      "src": "/about",
      "dest": "/about.html"
    },
    {
      "src": "/services",
      "dest": "/services.html"
    },
    {
      "src": "/projects",
      "dest": "/projects.html"
    },
    {
      "src": "/contact",
      "dest": "/contact.html"
    }
  ],
  "headers": [
    {
      "source": "/(.*)",
      "headers": [
        {
          "key": "X-Content-Type-Options",
          "value": "nosniff"
        },
        {
          "key": "X-Frame-Options",
          "value": "DENY"
        },
        {
          "key": "X-XSS-Protection",
          "value": "1; mode=block"
        }
      ]
    },
    {
      "source": "/assets/(.*)",
      "headers": [
        {
          "key": "Cache-Control",
          "value": "public, max-age=31536000, immutable"
        }
      ]
    }
  ]
}
